Workbook

Sheet Inputs
A1: Parameter | B1: Value | C1: Description
A2: Power_MW | B2: 170 | C2: Battery Power Capacity (MW)
A3: Duration_Hr | B3: 2 | C3: Battery Duration (Hours)
A4: Max_Cycles_Per_Day | B4: 1 | C4: Max Throughput per day (1.0 = 1 full discharge capability per day)
A5: RTE | B5: 0.88 | C5: Round Trip Efficiency
A6: Initial_SoC_Pct | B6: 0 | C6: Initial State of Charge (%)
A7: Reg_SoC_Drift_Pct | B7: 0.02 | C7: SoC drift during regulation (MWh lost per MW Reg per Hour)
A8: Min_Arb_Spread_$/MWh | B8: 20 | C8: Minimum profit spread required to engage in arbitrage ($/MWh)
A9: Ancillary_Participation_Pct | B9: 0.8 | C9: Max % of physical capacity allocatable to Regulation (70-90%)
A10: Discharge_Priority_Mult | B10: 1.2 | C10: Only discharge if LMP > Daily_Average * This Multiplier (saves cycles for peaks)
A11: Min_Mode_Duration_Hr | B11: 2 | C11: (Locked in formulas: Prevents 1-hour mode flipping)
A13: Calculations
A14: Max_Energy_MWh | B14: =B2*B3 -> 340
A15: Eff_c | B15: 1
A16: Eff_d | B16: 1

Sheet Hourly_Model
A1: Timestamp | B1: LMP ($) | C1: Reg_Price ($) | D1: Daily_Avg_LMP | E1: Forward_6hr_Avg | F1: Starting_SoC | G1: Cum_Discharge_Tdy | H1: Max_Charge_MW | I1: Max_Discharge_MW | J1: Max_Reg_MW | K1: Exp_Charge_$ | L1: Exp_Discharge_$ | M1: Exp_Reg_$ | N1: Suggested_Mode | O1: Final_Mode_2hr | P1: Charge_MW | Q1: Discharge_MW | R1: Reg_MW | S1: Energy_Rev | T1: Reg_Rev | U1: Reg_SoC_Drift | V1: Ending_SoC
A2: 46023 | B2: 32.547032 | C2: 7.1047426 | D2: =AVERAGEIFS(B:B, A:A, ">="&INT(A2), A:A, "<"&INT(A2)+1) -> 30.944145 | E2: =AVERAGE(B2:B7) -> 9.7453502 | F2: =Inputs!$B$14 * Inputs!$B$6 -> 0 | G2: =0 -> 0 | H2: =MIN(Inputs!$B$2, (Inputs!$B$14 - F2)/Inputs!$B$15) -> 170 | I2: =MAX(MIN(Inputs!$B$2, F2*Inputs!$B$16, Inputs!$B$14*Inputs!$B$4 - G2), 0) -> 0 | J2: =MAX(MIN(Inputs!$B$2, F2*Inputs!$B$16, (Inputs!$B$14-F2)/Inputs!$B$15)*Inputs!$B$9, 0) -> 0 | K2: =MAX(E2*Inputs!$B$5 - B2 - Inputs!$B$8, 0) * H2 -> 0 | L2: =IF(B2 >= D2*Inputs!$B$10, MAX(B2 - E2/Inputs!$B$5 - Inputs!$B$8, 0) * I2, 0) -> 0 | M2: =C2 * J2 -> 0 | N2: =IF(MAX(K2, L2, M2)<=0, "Idle", IF(AND(M2>=K2, M2>=L2), "Reg", IF(L2>=K2, "Discharge", "Charge"))) -> Idle | O2: =N2 -> Idle | P2: =IF(O2="Charge", H2, 0) -> 0 | Q2: =IF(O2="Discharge", I2, 0) -> 0 | R2: =IF(O2="Reg", J2, 0) -> 0 | S2: =(Q2 - P2) * B2 -> 0 | T2: =R2 * C2 -> 0 | U2: =IF(O2="Reg", R2 * Inputs!$B$7, 0) -> 0 | V2: =MAX(F2 + P2*Inputs!$B$15 - (Q2/Inputs!$B$16) - U2, 0) -> 0
A3: 46023.042 | B3: 17.784709 | C3: 2.3956283 | D3: =AVERAGEIFS(B:B, A:A, ">="&INT(A3), A:A, "<"&INT(A3)+1) -> 30.944145 | E3: =AVERAGE(B3:B8) -> 4.3208448 | F3: =V2 -> 0 | G3: =IF(INT(A3)=INT(A2), G2 + Q2, 0) -> 0 | H3: =MIN(Inputs!$B$2, (Inputs!$B$14 - F3)/Inputs!$B$15) -> 170 | I3: =MAX(MIN(Inputs!$B$2, F3*Inputs!$B$16, Inputs!$B$14*Inputs!$B$4 - G3), 0) -> 0 | J3: =MAX(MIN(Inputs!$B$2, F3*Inputs!$B$16, (Inputs!$B$14-F3)/Inputs!$B$15)*Inputs!$B$9, 0) -> 0 | K3: =MAX(E3*Inputs!$B$5 - B3 - Inputs!$B$8, 0) * H3 -> 0 | L3: =IF(B3 >= D3*Inputs!$B$10, MAX(B3 - E3/Inputs!$B$5 - Inputs!$B$8, 0) * I3, 0) -> 0 | M3: =C3 * J3 -> 0 | N3: =IF(MAX(K3, L3, M3)<=0, "Idle", IF(AND(M3>=K3, M3>=L3), "Reg", IF(L3>=K3, "Discharge", "Charge"))) -> Idle | O3: =N3 -> Idle | P3: =IF(O3="Charge", H3, 0) -> 0 | Q3: =IF(O3="Discharge", I3, 0) -> 0 | R3: =IF(O3="Reg", J3, 0) -> 0 | S3: =(Q3 - P3) * B3 -> 0 | T3: =R3 * C3 -> 0 | U3: =IF(O3="Reg", R3 * Inputs!$B$7, 0) -> 0 | V3: =MAX(F3 + P3*Inputs!$B$15 - (Q3/Inputs!$B$16) - U3, 0) -> 0
A4: 46023.083 | B4: 5.563386 | C4: 12.147275 | D4: =AVERAGEIFS(B:B, A:A, ">="&INT(A4), A:A, "<"&INT(A4)+1) -> 30.944145 | E4: =AVERAGE(B4:B9) -> 1.3567267 | F4: =V3 -> 0 | G4: =IF(INT(A4)=INT(A3), G3 + Q3, 0) -> 0 | H4: =MIN(Inputs!$B$2, (Inputs!$B$14 - F4)/Inputs!$B$15) -> 170 | I4: =MAX(MIN(Inputs!$B$2, F4*Inputs!$B$16, Inputs!$B$14*Inputs!$B$4 - G4), 0) -> 0 | J4: =MAX(MIN(Inputs!$B$2, F4*Inputs!$B$16, (Inputs!$B$14-F4)/Inputs!$B$15)*Inputs!$B$9, 0) -> 0 | K4: =MAX(E4*Inputs!$B$5 - B4 - Inputs!$B$8, 0) * H4 -> 0 | L4: =IF(B4 >= D4*Inputs!$B$10, MAX(B4 - E4/Inputs!$B$5 - Inputs!$B$8, 0) * I4, 0) -> 0 | M4: =C4 * J4 -> 0 | N4: =IF(MAX(K4, L4, M4)<=0, "Idle", IF(AND(M4>=K4, M4>=L4), "Reg", IF(L4>=K4, "Discharge", "Charge"))) -> Idle | O4: =IF(O3<>O2, O3, N4) -> Idle | P4: =IF(O4="Charge", H4, 0) -> 0 | Q4: =IF(O4="Discharge", I4, 0) -> 0 | R4: =IF(O4="Reg", J4, 0) -> 0 | S4: =(Q4 - P4) * B4 -> 0 | T4: =R4 * C4 -> 0 | U4: =IF(O4="Reg", R4 * Inputs!$B$7, 0) -> 0 | V4: =MAX(F4 + P4*Inputs!$B$15 - (Q4/Inputs!$B$16) - U4, 0) -> 0
A5: 46023.125 | B5: 2.576974 | C5: 20.22098 | D5: =AVERAGEIFS(B:B, A:A, ">="&INT(A5), A:A, "<"&INT(A5)+1) -> 30.944145 | E5: =AVERAGE(B5:B10) -> 0.42949566 | F5: =V4 -> 0 | G5: =IF(INT(A5)=INT(A4), G4 + Q4, 0) -> 0 | H5: =MIN(Inputs!$B$2, (Inputs!$B$14 - F5)/Inputs!$B$15) -> 170 | I5: =MAX(MIN(Inputs!$B$2, F5*Inputs!$B$16, Inputs!$B$14*Inputs!$B$4 - G5), 0) -> 0 | J5: =MAX(MIN(Inputs!$B$2, F5*Inputs!$B$16, (Inputs!$B$14-F5)/Inputs!$B$15)*Inputs!$B$9, 0) -> 0 | K5: =MAX(E5*Inputs!$B$5 - B5 - Inputs!$B$8, 0) * H5 -> 0 | L5: =IF(B5 >= D5*Inputs!$B$10, MAX(B5 - E5/Inputs!$B$5 - Inputs!$B$8, 0) * I5, 0) -> 0 | M5: =C5 * J5 -> 0 | N5: =IF(MAX(K5, L5, M5)<=0, "Idle", IF(AND(M5>=K5, M5>=L5), "Reg", IF(L5>=K5, "Discharge", "Charge"))) -> Idle | O5: =IF(O4<>O3, O4, N5) -> Idle | P5: =IF(O5="Charge", H5, 0) -> 0 | Q5: =IF(O5="Discharge", I5, 0) -> 0 | R5: =IF(O5="Reg", J5, 0) -> 0 | S5: =(Q5 - P5) * B5 -> 0 | T5: =R5 * C5 -> 0 | U5: =IF(O5="Reg", R5 * Inputs!$B$7, 0) -> 0 | V5: =MAX(F5 + P5*Inputs!$B$15 - (Q5/Inputs!$B$16) - U5, 0) -> 0
A6: 46023.167 | B6: 0 | C6: 34.942208 | D6: =AVERAGEIFS(B:B, A:A, ">="&INT(A6), A:A, "<"&INT(A6)+1) -> 30.944145 | E6: =AVERAGE(B6:B11) -> 0.049053594 | F6: =V5 -> 0 | G6: =IF(INT(A6)=INT(A5), G5 + Q5, 0) -> 0 | H6: =MIN(Inputs!$B$2, (Inputs!$B$14 - F6)/Inputs!$B$15) -> 170 | I6: =MAX(MIN(Inputs!$B$2, F6*Inputs!$B$16, Inputs!$B$14*Inputs!$B$4 - G6), 0) -> 0 | J6: =MAX(MIN(Inputs!$B$2, F6*Inputs!$B$16, (Inputs!$B$14-F6)/Inputs!$B$15)*Inputs!$B$9, 0) -> 0 | K6: =MAX(E6*Inputs!$B$5 - B6 - Inputs!$B$8, 0) * H6 -> 0 | L6: =IF(B6 >= D6*Inputs!$B$10, MAX(B6 - E6/Inputs!$B$5 - Inputs!$B$8, 0) * I6, 0) -> 0 | M6: =C6 * J6 -> 0 | N6: =IF(MAX(K6, L6, M6)<=0, "Idle", IF(AND(M6>=K6, M6>=L6), "Reg", IF(L6>=K6, "Discharge", "Charge"))) -> Idle | O6: =IF(O5<>O4, O5, N6) -> Idle | P6: =IF(O6="Charge", H6, 0) -> 0 | Q6: =IF(O6="Discharge", I6, 0) -> 0 | R6: =IF(O6="Reg", J6, 0) -> 0 | S6: =(Q6 - P6) * B6 -> 0 | T6: =R6 * C6 -> 0 | U6: =IF(O6="Reg", R6 * Inputs!$B$7, 0) -> 0 | V6: =MAX(F6 + P6*Inputs!$B$15 - (Q6/Inputs!$B$16) - U6, 0) -> 0
A7: 46023.208 | B7: 0 | C7: 3.8435702 | D7: =AVERAGEIFS(B:B, A:A, ">="&INT(A7), A:A, "<"&INT(A7)+1) -> 30.944145 | E7: =AVERAGE(B7:B12) -> 1.0729161 | F7: =V6 -> 0 | G7: =IF(INT(A7)=INT(A6), G6 + Q6, 0) -> 0 | H7: =MIN(Inputs!$B$2, (Inputs!$B$14 - F7)/Inputs!$B$15) -> 170 | I7: =MAX(MIN(Inputs!$B$2, F7*Inputs!$B$16, Inputs!$B$14*Inputs!$B$4 - G7), 0) -> 0 | J7: =MAX(MIN(Inputs!$B$2, F7*Inputs!$B$16, (Inputs!$B$14-F7)/Inputs!$B$15)*Inputs!$B$9, 0) -> 0 | K7: =MAX(E7*Inputs!$B$5 - B7 - Inputs!$B$8, 0) * H7 -> 0 | L7: =IF(B7 >= D7*Inputs!$B$10, MAX(B7 - E7/Inputs!$B$5 - Inputs!$B$8, 0) * I7, 0) -> 0 | M7: =C7 * J7 -> 0 | N7: =IF(MAX(K7, L7, M7)<=0, "Idle", IF(AND(M7>=K7, M7>=L7), "Reg", IF(L7>=K7, "Discharge", "Charge"))) -> Idle | O7: =IF(O6<>O5, O6, N7) -> Idle | P7: =IF(O7="Charge", H7, 0) -> 0 | Q7: =IF(O7="Discharge", I7, 0) -> 0 | R7: =IF(O7="Reg", J7, 0) -> 0 | S7: =(Q7 - P7) * B7 -> 0 | T7: =R7 * C7 -> 0 | U7: =IF(O7="Reg", R7 * Inputs!$B$7, 0) -> 0 | V7: =MAX(F7 + P7*Inputs!$B$15 - (Q7/Inputs!$B$16) - U7, 0) -> 0
A8: 46023.25 | B8: 0 | C8: 8.0439183 | D8: =AVERAGEIFS(B:B, A:A, ">="&INT(A8), A:A, "<"&INT(A8)+1) -> 30.944145 | E8: =AVERAGE(B8:B13) -> 5.159924 | F8: =V7 -> 0 | G8: =IF(INT(A8)=INT(A7), G7 + Q7, 0) -> 0 | H8: =MIN(Inputs!$B$2, (Inputs!$B$14 - F8)/Inputs!$B$15) -> 170 | I8: =MAX(MIN(Inputs!$B$2, F8*Inputs!$B$16, Inputs!$B$14*Inputs!$B$4 - G8), 0) -> 0 | J8: =MAX(MIN(Inputs!$B$2, F8*Inputs!$B$16, (Inputs!$B$14-F8)/Inputs!$B$15)*Inputs!$B$9, 0) -> 0 | K8: =MAX(E8*Inputs!$B$5 - B8 - Inputs!$B$8, 0) * H8 -> 0 | L8: =IF(B8 >= D8*Inputs!$B$10, MAX(B8 - E8/Inputs!$B$5 - Inputs!$B$8, 0) * I8, 0) -> 0 | M8: =C8 * J8 -> 0 | N8: =IF(MAX(K8, L8, M8)<=0, "Idle", IF(AND(M8>=K8, M8>=L8), "Reg", IF(L8>=K8, "Discharge", "Charge"))) -> Idle | O8: =IF(O7<>O6, O7, N8) -> Idle | P8: =IF(O8="Charge", H8, 0) -> 0 | Q8: =IF(O8="Discharge", I8, 0) -> 0 | R8: =IF(O8="Reg", J8, 0) -> 0 | S8: =(Q8 - P8) * B8 -> 0 | T8: =R8 * C8 -> 0 | U8: =IF(O8="Reg", R8 * Inputs!$B$7, 0) -> 0 | V8: =MAX(F8 + P8*Inputs!$B$15 - (Q8/Inputs!$B$16) - U8, 0) -> 0
A9: 46023.292 | B9: 0 | C9: 4.8131413 | D9: =AVERAGEIFS(B:B, A:A, ">="&INT(A9), A:A, "<"&INT(A9)+1) -> 30.944145 | E9: =AVERAGE(B9:B14) -> 10.511578 | F9: =V8 -> 0 | G9: =IF(INT(A9)=INT(A8), G8 + Q8, 0) -> 0 | H9: =MIN(Inputs!$B$2, (Inputs!$B$14 - F9)/Inputs!$B$15) -> 170 | I9: =MAX(MIN(Inputs!$B$2, F9*Inputs!$B$16, Inputs!$B$14*Inputs!$B$4 - G9), 0) -> 0 | J9: =MAX(MIN(Inputs!$B$2, F9*Inputs!$B$16, (Inputs!$B$14-F9)/Inputs!$B$15)*Inputs!$B$9, 0) -> 0 | K9: =MAX(E9*Inputs!$B$5 - B9 - Inputs!$B$8, 0) * H9 -> 0 | L9: =IF(B9 >= D9*Inputs!$B$10, MAX(B9 - E9/Inputs!$B$5 - Inputs!$B$8, 0) * I9, 0) -> 0 | M9: =C9 * J9 -> 0 | N9: =IF(MAX(K9, L9, M9)<=0, "Idle", IF(AND(M9>=K9, M9>=L9), "Reg", IF(L9>=K9, "Discharge", "Charge"))) -> Idle | O9: =IF(O8<>O7, O8, N9) -> Idle | P9: =IF(O9="Charge", H9, 0) -> 0 | Q9: =IF(O9="Discharge", I9, 0) -> 0 | R9: =IF(O9="Reg", J9, 0) -> 0 | S9: =(Q9 - P9) * B9 -> 0 | T9: =R9 * C9 -> 0 | U9: =IF(O9="Reg", R9 * Inputs!$B$7, 0) -> 0 | V9: =MAX(F9 + P9*Inputs!$B$15 - (Q9/Inputs!$B$16) - U9, 0) -> 0
A10: 46023.333 | B10: 0 | C10: 22.021552 | D10: =AVERAGEIFS(B:B, A:A, ">="&INT(A10), A:A, "<"&INT(A10)+1) -> 30.944145 | E10: =AVERAGE(B10:B15) -> 16.847068 | F10: =V9 -> 0 | G10: =IF(INT(A10)=INT(A9), G9 + Q9, 0) -> 0 | H10: =MIN(Inputs!$B$2, (Inputs!$B$14 - F10)/Inputs!$B$15) -> 170 | I10: =MAX(MIN(Inputs!$B$2, F10*Inputs!$B$16, Inputs!$B$14*Inputs!$B$4 - G10), 0) -> 0 | J10: =MAX(MIN(Inputs!$B$2, F10*Inputs!$B$16, (Inputs!$B$14-F10)/Inputs!$B$15)*Inputs!$B$9, 0) -> 0 | K10: =MAX(E10*Inputs!$B$5 - B10 - Inputs!$B$8, 0) * H10 -> 0 | L10: =IF(B10 >= D10*Inputs!$B$10, MAX(B10 - E10/Inputs!$B$5 - Inputs!$B$8, 0) * I10, 0) -> 0 | M10: =C10 * J10 -> 0 | N10: =IF(MAX(K10, L10, M10)<=0, "Idle", IF(AND(M10>=K10, M10>=L10), "Reg", IF(L10>=K10, "Discharge", "Charge"))) -> Idle | O10: =IF(O9<>O8, O9, N10) -> Idle | P10: =IF(O10="Charge", H10, 0) -> 0 | Q10: =IF(O10="Discharge", I10, 0) -> 0 | R10: =IF(O10="Reg", J10, 0) -> 0 | S10: =(Q10 - P10) * B10 -> 0 | T10: =R10 * C10 -> 0 | U10: =IF(O10="Reg", R10 * Inputs!$B$7, 0) -> 0 | V10: =MAX(F10 + P10*Inputs!$B$15 - (Q10/Inputs!$B$16) - U10, 0) -> 0
A11: 46023.375 | B11: 0.29432156 | C11: 2.4528724 | D11: =AVERAGEIFS(B:B, A:A, ">="&INT(A11), A:A, "<"&INT(A11)+1) -> 30.944145 | E11: =AVERAGE(B11:B16) -> 25.857875 | F11: =V10 -> 0 | G11: =IF(INT(A11)=INT(A10), G10 + Q10, 0) -> 0 | H11: =MIN(Inputs!$B$2, (Inputs!$B$14 - F11)/Inputs!$B$15) -> 170 | I11: =MAX(MIN(Inputs!$B$2, F11*Inputs!$B$16, Inputs!$B$14*Inputs!$B$4 - G11), 0) -> 0 | J11: =MAX(MIN(Inputs!$B$2, F11*Inputs!$B$16, (Inputs!$B$14-F11)/Inputs!$B$15)*Inputs!$B$9, 0) -> 0 | K11: =MAX(E11*Inputs!$B$5 - B11 - Inputs!$B$8, 0) * H11 -> 418.30339 | L11: =IF(B11 >= D11*Inputs!$B$10, MAX(B11 - E11/Inputs!$B$5 - Inputs!$B$8, 0) * I11, 0) -> 0 | M11: =C11 * J11 -> 0 | N11: =IF(MAX(K11, L11, M11)<=0, "Idle", IF(AND(M11>=K11, M11>=L11), "Reg", IF(L11>=K11, "Discharge", "Charge"))) -> Charge | O11: =IF(O10<>O9, O10, N11) -> Charge | P11: =IF(O11="Charge", H11, 0) -> 170 | Q11: =IF(O11="Discharge", I11, 0) -> 0 | R11: =IF(O11="Reg", J11, 0) -> 0 | S11: =(Q11 - P11) * B11 -> -50.034666 | T11: =R11 * C11 -> 0 | U11: =IF(O11="Reg", R11 * Inputs!$B$7, 0) -> 0 | V11: =MAX(F11 + P11*Inputs!$B$15 - (Q11/Inputs!$B$16) - U11, 0) -> 170
A12: 46023.417 | B12: 6.1431749 | C12: 4.4285883 | D12: =AVERAGEIFS(B:B, A:A, ">="&INT(A12), A:A, "<"&INT(A12)+1) -> 30.944145 | E12: =AVERAGE(B12:B17) -> 35.427756 | F12: =V11 -> 170 | G12: =IF(INT(A12)=INT(A11), G11 + Q11, 0) -> 0 | H12: =MIN(Inputs!$B$2, (Inputs!$B$14 - F12)/Inputs!$B$15) -> 170 | I12: =MAX(MIN(Inputs!$B$2, F12*Inputs!$B$16, Inputs!$B$14*Inputs!$B$4 - G12), 0) -> 170 | J12: =MAX(MIN(Inputs!$B$2, F12*Inputs!$B$16, (Inputs!$B$14-F12)/Inputs!$B$15)*Inputs!$B$9, 0) -> 136 | K12: =MAX(E12*Inputs!$B$5 - B12 - Inputs!$B$8, 0) * H12 -> 855.65258 | L12: =IF(B12 >= D12*Inputs!$B$10, MAX(B12 - E12/Inputs!$B$5 - Inputs!$B$8, 0) * I12, 0) -> 0 | M12: =C12 * J12 -> 602.28801 | N12: =IF(MAX(K12, L12, M12)<=0, "Idle", IF(AND(M12>=K12, M12>=L12), "Reg", IF(L12>=K12, "Discharge", "Charge"))) -> Charge | O12: =IF(O11<>O10, O11, N12) -> Charge | P12: =IF(O12="Charge", H12, 0) -> 170 | Q12: =IF(O12="Discharge", I12, 0) -> 0 | R12: =IF(O12="Reg", J12, 0) -> 0 | S12: =(Q12 - P12) * B12 -> -1044.3397 | T12: =R12 * C12 -> 0 | U12: =IF(O12="Reg", R12 * Inputs!$B$7, 0) -> 0 | V12: =MAX(F12 + P12*Inputs!$B$15 - (Q12/Inputs!$B$16) - U12, 0) -> 340
A13: 46023.458 | B13: 24.522047 | C13: 8.4240126 | D13: =AVERAGEIFS(B:B, A:A, ">="&INT(A13), A:A, "<"&INT(A13)+1) -> 30.944145 | E13: =AVERAGE(B13:B18) -> 45.734418 | F13: =V12 -> 340 | G13: =IF(INT(A13)=INT(A12), G12 + Q12, 0) -> 0 | H13: =MIN(Inputs!$B$2, (Inputs!$B$14 - F13)/Inputs!$B$15) -> 0 | I13: =MAX(MIN(Inputs!$B$2, F13*Inputs!$B$16, Inputs!$B$14*Inputs!$B$4 - G13), 0) -> 170 | J13: =MAX(MIN(Inputs!$B$2, F13*Inputs!$B$16, (Inputs!$B$14-F13)/Inputs!$B$15)*Inputs!$B$9, 0) -> 0 | K13: =MAX(E13*Inputs!$B$5 - B13 - Inputs!$B$8, 0) * H13 -> 0 | L13: =IF(B13 >= D13*Inputs!$B$10, MAX(B13 - E13/Inputs!$B$5 - Inputs!$B$8, 0) * I13, 0) -> 0 | M13: =C13 * J13 -> 0 | N13: =IF(MAX(K13, L13, M13)<=0, "Idle", IF(AND(M13>=K13, M13>=L13), "Reg", IF(L13>=K13, "Discharge", "Charge"))) -> Idle | O13: =IF(O12<>O11, O12, N13) -> Idle | P13: =IF(O13="Charge", H13, 0) -> 0 | Q13: =IF(O13="Discharge", I13, 0) -> 0 | R13: =IF(O13="Reg", J13, 0) -> 0 | S13: =(Q13 - P13) * B13 -> 0 | T13: =R13 * C13 -> 0 | U13: =IF(O13="Reg", R13 * Inputs!$B$7, 0) -> 0 | V13: =MAX(F13 + P13*Inputs!$B$15 - (Q13/Inputs!$B$16) - U13, 0) -> 340
A14: 46023.5 | B14: 32.109922 | C14: 2.5972298 | D14: =AVERAGEIFS(B:B, A:A, ">="&INT(A14), A:A, "<"&INT(A14)+1) -> 30.944145 | E14: =AVERAGE(B14:B19) -> 53.780938 | F14: =V13 -> 340 | G14: =IF(INT(A14)=INT(A13), G13 + Q13, 0) -> 0 | H14: =MIN(Inputs!$B$2, (Inputs!$B$14 - F14)/Inputs!$B$15) -> 0 | I14: =MAX(MIN(Inputs!$B$2, F14*Inputs!$B$16, Inputs!$B$14*Inputs!$B$4 - G14), 0) -> 170 | J14: =MAX(MIN(Inputs!$B$2, F14*Inputs!$B$16, (Inputs!$B$14-F14)/Inputs!$B$15)*Inputs!$B$9, 0) -> 0 | K14: =MAX(E14*Inputs!$B$5 - B14 - Inputs!$B$8, 0) * H14 -> 0 | L14: =IF(B14 >= D14*Inputs!$B$10, MAX(B14 - E14/Inputs!$B$5 - Inputs!$B$8, 0) * I14, 0) -> 0 | M14: =C14 * J14 -> 0 | N14: =IF(MAX(K14, L14, M14)<=0, "Idle", IF(AND(M14>=K14, M14>=L14), "Reg", IF(L14>=K14, "Discharge", "Charge"))) -> Idle | O14: =IF(O13<>O12, O13, N14) -> Idle | P14: =IF(O14="Charge", H14, 0) -> 0 | Q14: =IF(O14="Discharge", I14, 0) -> 0 | R14: =IF(O14="Reg", J14, 0) -> 0 | S14: =(Q14 - P14) * B14 -> 0 | T14: =R14 * C14 -> 0 | U14: =IF(O14="Reg", R14 * Inputs!$B$7, 0) -> 0 | V14: =MAX(F14 + P14*Inputs!$B$15 - (Q14/Inputs!$B$16) - U14, 0) -> 340
A15: 46023.542 | B15: 38.01294 | C15: 11.354756 | D15: =AVERAGEIFS(B:B, A:A, ">="&INT(A15), A:A, "<"&INT(A15)+1) -> 30.944145 | E15: =AVERAGE(B15:B20) -> 59.837848 | F15: =V14 -> 340 | G15: =IF(INT(A15)=INT(A14), G14 + Q14, 0) -> 0 | H15: =MIN(Inputs!$B$2, (Inputs!$B$14 - F15)/Inputs!$B$15) -> 0 | I15: =MAX(MIN(Inputs!$B$2, F15*Inputs!$B$16, Inputs!$B$14*Inputs!$B$4 - G15), 0) -> 170 | J15: =MAX(MIN(Inputs!$B$2, F15*Inputs!$B$16, (Inputs!$B$14-F15)/Inputs!$B$15)*Inputs!$B$9, 0) -> 0 | K15: =MAX(E15*Inputs!$B$5 - B15 - Inputs!$B$8, 0) * H15 -> 0 | L15: =IF(B15 >= D15*Inputs!$B$10, MAX(B15 - E15/Inputs!$B$5 - Inputs!$B$8, 0) * I15, 0) -> 0 | M15: =C15 * J15 -> 0 | N15: =IF(MAX(K15, L15, M15)<=0, "Idle", IF(AND(M15>=K15, M15>=L15), "Reg", IF(L15>=K15, "Discharge", "Charge"))) -> Idle | O15: =IF(O14<>O13, O14, N15) -> Idle | P15: =IF(O15="Charge", H15, 0) -> 0 | Q15: =IF(O15="Discharge", I15, 0) -> 0 | R15: =IF(O15="Reg", J15, 0) -> 0 | S15: =(Q15 - P15) * B15 -> 0 | T15: =R15 * C15 -> 0 | U15: =IF(O15="Reg", R15 * Inputs!$B$7, 0) -> 0 | V15: =MAX(F15 + P15*Inputs!$B$15 - (Q15/Inputs!$B$16) - U15, 0) -> 340
... A8756: 46387.75 | B8756: 72.164715 | C8756: 8.5690365 | D8756: =AVERAGEIFS(B:B, A:A, ">="&INT(A8756), A:A, "<"&INT(A8756)+1) -> 31.094588 | E8756: =AVERAGE(B8756:B8761) -> 57.676208 | F8756: =V8755 -> 0 | G8756: =IF(INT(A8756)=INT(A8755), G8755 + Q8755, 0) -> 0 | H8756: =MIN(Inputs!$B$2, (Inputs!$B$14 - F8756)/Inputs!$B$15) -> 170 | I8756: =MAX(MIN(Inputs!$B$2, F8756*Inputs!$B$16, Inputs!$B$14*Inputs!$B$4 - G8756), 0) -> 0 | J8756: =MAX(MIN(Inputs!$B$2, F8756*Inputs!$B$16, (Inputs!$B$14-F8756)/Inputs!$B$15)*Inputs!$B$9, 0) -> 0 | K8756: =MAX(E8756*Inputs!$B$5 - B8756 - Inputs!$B$8, 0) * H8756 -> 0 | L8756: =IF(B8756 >= D8756*Inputs!$B$10, MAX(B8756 - E8756/Inputs!$B$5 - Inputs!$B$8, 0) * I8756, 0) -> 0 | M8756: =C8756 * J8756 -> 0 | N8756: =IF(MAX(K8756, L8756, M8756)<=0, "Idle", IF(AND(M8756>=K8756, M8756>=L8756), "Reg", IF(L8756>=K8756, "Discharge", "Charge"))) -> Idle | O8756: =IF(O8755<>O8754, O8755, N8756) -> Idle | P8756: =IF(O8756="Charge", H8756, 0) -> 0 | Q8756: =IF(O8756="Discharge", I8756, 0) -> 0 | R8756: =IF(O8756="Reg", J8756, 0) -> 0 | S8756: =(Q8756 - P8756) * B8756 -> 0 | T8756: =R8756 * C8756 -> 0 | U8756: =IF(O8756="Reg", R8756 * Inputs!$B$7, 0) -> 0 | V8756: =MAX(F8756 + P8756*Inputs!$B$15 - (Q8756/Inputs!$B$16) - U8756, 0) -> 0
A8757: 46387.792 | B8757: 71.707331 | C8757: 12.002773 | D8757: =AVERAGEIFS(B:B, A:A, ">="&INT(A8757), A:A, "<"&INT(A8757)+1) -> 31.094588 | E8757: =AVERAGE(B8757:B8761) -> 54.778506 | F8757: =V8756 -> 0 | G8757: =IF(INT(A8757)=INT(A8756), G8756 + Q8756, 0) -> 0 | H8757: =MIN(Inputs!$B$2, (Inputs!$B$14 - F8757)/Inputs!$B$15) -> 170 | I8757: =MAX(MIN(Inputs!$B$2, F8757*Inputs!$B$16, Inputs!$B$14*Inputs!$B$4 - G8757), 0) -> 0 | J8757: =MAX(MIN(Inputs!$B$2, F8757*Inputs!$B$16, (Inputs!$B$14-F8757)/Inputs!$B$15)*Inputs!$B$9, 0) -> 0 | K8757: =MAX(E8757*Inputs!$B$5 - B8757 - Inputs!$B$8, 0) * H8757 -> 0 | L8757: =IF(B8757 >= D8757*Inputs!$B$10, MAX(B8757 - E8757/Inputs!$B$5 - Inputs!$B$8, 0) * I8757, 0) -> 0 | M8757: =C8757 * J8757 -> 0 | N8757: =IF(MAX(K8757, L8757, M8757)<=0, "Idle", IF(AND(M8757>=K8757, M8757>=L8757), "Reg", IF(L8757>=K8757, "Discharge", "Charge"))) -> Idle | O8757: =IF(O8756<>O8755, O8756, N8757) -> Idle | P8757: =IF(O8757="Charge", H8757, 0) -> 0 | Q8757: =IF(O8757="Discharge", I8757, 0) -> 0 | R8757: =IF(O8757="Reg", J8757, 0) -> 0 | S8757: =(Q8757 - P8757) * B8757 -> 0 | T8757: =R8757 * C8757 -> 0 | U8757: =IF(O8757="Reg", R8757 * Inputs!$B$7, 0) -> 0 | V8757: =MAX(F8757 + P8757*Inputs!$B$15 - (Q8757/Inputs!$B$16) - U8757, 0) -> 0
A8758: 46387.833 | B8758: 73.241061 | C8758: 10.531528 | D8758: =AVERAGEIFS(B:B, A:A, ">="&INT(A8758), A:A, "<"&INT(A8758)+1) -> 31.094588 | E8758: =AVERAGE(B8758:B8761) -> 50.5463 | F8758: =V8757 -> 0 | G8758: =IF(INT(A8758)=INT(A8757), G8757 + Q8757, 0) -> 0 | H8758: =MIN(Inputs!$B$2, (Inputs!$B$14 - F8758)/Inputs!$B$15) -> 170 | I8758: =MAX(MIN(Inputs!$B$2, F8758*Inputs!$B$16, Inputs!$B$14*Inputs!$B$4 - G8758), 0) -> 0 | J8758: =MAX(MIN(Inputs!$B$2, F8758*Inputs!$B$16, (Inputs!$B$14-F8758)/Inputs!$B$15)*Inputs!$B$9, 0) -> 0 | K8758: =MAX(E8758*Inputs!$B$5 - B8758 - Inputs!$B$8, 0) * H8758 -> 0 | L8758: =IF(B8758 >= D8758*Inputs!$B$10, MAX(B8758 - E8758/Inputs!$B$5 - Inputs!$B$8, 0) * I8758, 0) -> 0 | M8758: =C8758 * J8758 -> 0 | N8758: =IF(MAX(K8758, L8758, M8758)<=0, "Idle", IF(AND(M8758>=K8758, M8758>=L8758), "Reg", IF(L8758>=K8758, "Discharge", "Charge"))) -> Idle | O8758: =IF(O8757<>O8756, O8757, N8758) -> Idle | P8758: =IF(O8758="Charge", H8758, 0) -> 0 | Q8758: =IF(O8758="Discharge", I8758, 0) -> 0 | R8758: =IF(O8758="Reg", J8758, 0) -> 0 | S8758: =(Q8758 - P8758) * B8758 -> 0 | T8758: =R8758 * C8758 -> 0 | U8758: =IF(O8758="Reg", R8758 * Inputs!$B$7, 0) -> 0 | V8758: =MAX(F8758 + P8758*Inputs!$B$15 - (Q8758/Inputs!$B$16) - U8758, 0) -> 0
A8759: 46387.875 | B8759: 51.351852 | C8759: 5.5161194 | D8759: =AVERAGEIFS(B:B, A:A, ">="&INT(A8759), A:A, "<"&INT(A8759)+1) -> 31.094588 | E8759: =AVERAGE(B8759:B8761) -> 42.98138 | F8759: =V8758 -> 0 | G8759: =IF(INT(A8759)=INT(A8758), G8758 + Q8758, 0) -> 0 | H8759: =MIN(Inputs!$B$2, (Inputs!$B$14 - F8759)/Inputs!$B$15) -> 170 | I8759: =MAX(MIN(Inputs!$B$2, F8759*Inputs!$B$16, Inputs!$B$14*Inputs!$B$4 - G8759), 0) -> 0 | J8759: =MAX(MIN(Inputs!$B$2, F8759*Inputs!$B$16, (Inputs!$B$14-F8759)/Inputs!$B$15)*Inputs!$B$9, 0) -> 0 | K8759: =MAX(E8759*Inputs!$B$5 - B8759 - Inputs!$B$8, 0) * H8759 -> 0 | L8759: =IF(B8759 >= D8759*Inputs!$B$10, MAX(B8759 - E8759/Inputs!$B$5 - Inputs!$B$8, 0) * I8759, 0) -> 0 | M8759: =C8759 * J8759 -> 0 | N8759: =IF(MAX(K8759, L8759, M8759)<=0, "Idle", IF(AND(M8759>=K8759, M8759>=L8759), "Reg", IF(L8759>=K8759, "Discharge", "Charge"))) -> Idle | O8759: =IF(O8758<>O8757, O8758, N8759) -> Idle | P8759: =IF(O8759="Charge", H8759, 0) -> 0 | Q8759: =IF(O8759="Discharge", I8759, 0) -> 0 | R8759: =IF(O8759="Reg", J8759, 0) -> 0 | S8759: =(Q8759 - P8759) * B8759 -> 0 | T8759: =R8759 * C8759 -> 0 | U8759: =IF(O8759="Reg", R8759 * Inputs!$B$7, 0) -> 0 | V8759: =MAX(F8759 + P8759*Inputs!$B$15 - (Q8759/Inputs!$B$16) - U8759, 0) -> 0
A8760: 46387.917 | B8760: 44.123988 | C8760: 13.766527 | D8760: =AVERAGEIFS(B:B, A:A, ">="&INT(A8760), A:A, "<"&INT(A8760)+1) -> 31.094588 | E8760: =AVERAGE(B8760:B8761) -> 38.796143 | F8760: =V8759 -> 0 | G8760: =IF(INT(A8760)=INT(A8759), G8759 + Q8759, 0) -> 0 | H8760: =MIN(Inputs!$B$2, (Inputs!$B$14 - F8760)/Inputs!$B$15) -> 170 | I8760: =MAX(MIN(Inputs!$B$2, F8760*Inputs!$B$16, Inputs!$B$14*Inputs!$B$4 - G8760), 0) -> 0 | J8760: =MAX(MIN(Inputs!$B$2, F8760*Inputs!$B$16, (Inputs!$B$14-F8760)/Inputs!$B$15)*Inputs!$B$9, 0) -> 0 | K8760: =MAX(E8760*Inputs!$B$5 - B8760 - Inputs!$B$8, 0) * H8760 -> 0 | L8760: =IF(B8760 >= D8760*Inputs!$B$10, MAX(B8760 - E8760/Inputs!$B$5 - Inputs!$B$8, 0) * I8760, 0) -> 0 | M8760: =C8760 * J8760 -> 0 | N8760: =IF(MAX(K8760, L8760, M8760)<=0, "Idle", IF(AND(M8760>=K8760, M8760>=L8760), "Reg", IF(L8760>=K8760, "Discharge", "Charge"))) -> Idle | O8760: =IF(O8759<>O8758, O8759, N8760) -> Idle | P8760: =IF(O8760="Charge", H8760, 0) -> 0 | Q8760: =IF(O8760="Discharge", I8760, 0) -> 0 | R8760: =IF(O8760="Reg", J8760, 0) -> 0 | S8760: =(Q8760 - P8760) * B8760 -> 0 | T8760: =R8760 * C8760 -> 0 | U8760: =IF(O8760="Reg", R8760 * Inputs!$B$7, 0) -> 0 | V8760: =MAX(F8760 + P8760*Inputs!$B$15 - (Q8760/Inputs!$B$16) - U8760, 0) -> 0
A8761: 46387.958 | B8761: 33.468298 | C8761: 8.6351683 | D8761: =AVERAGEIFS(B:B, A:A, ">="&INT(A8761), A:A, "<"&INT(A8761)+1) -> 31.094588 | E8761: =AVERAGE(B8761:B8761) -> 33.468298 | F8761: =V8760 -> 0 | G8761: =IF(INT(A8761)=INT(A8760), G8760 + Q8760, 0) -> 0 | H8761: =MIN(Inputs!$B$2, (Inputs!$B$14 - F8761)/Inputs!$B$15) -> 170 | I8761: =MAX(MIN(Inputs!$B$2, F8761*Inputs!$B$16, Inputs!$B$14*Inputs!$B$4 - G8761), 0) -> 0 | J8761: =MAX(MIN(Inputs!$B$2, F8761*Inputs!$B$16, (Inputs!$B$14-F8761)/Inputs!$B$15)*Inputs!$B$9, 0) -> 0 | K8761: =MAX(E8761*Inputs!$B$5 - B8761 - Inputs!$B$8, 0) * H8761 -> 0 | L8761: =IF(B8761 >= D8761*Inputs!$B$10, MAX(B8761 - E8761/Inputs!$B$5 - Inputs!$B$8, 0) * I8761, 0) -> 0 | M8761: =C8761 * J8761 -> 0 | N8761: =IF(MAX(K8761, L8761, M8761)<=0, "Idle", IF(AND(M8761>=K8761, M8761>=L8761), "Reg", IF(L8761>=K8761, "Discharge", "Charge"))) -> Idle | O8761: =IF(O8760<>O8759, O8760, N8761) -> Idle | P8761: =IF(O8761="Charge", H8761, 0) -> 0 | Q8761: =IF(O8761="Discharge", I8761, 0) -> 0 | R8761: =IF(O8761="Reg", J8761, 0) -> 0 | S8761: =(Q8761 - P8761) * B8761 -> 0 | T8761: =R8761 * C8761 -> 0 | U8761: =IF(O8761="Reg", R8761 * Inputs!$B$7, 0) -> 0 | V8761: =MAX(F8761 + P8761*Inputs!$B$15 - (Q8761/Inputs!$B$16) - U8761, 0) -> 0

Sheet Summary
A1: Metric | B1: Total Value
A2: Total Energy Revenue ($) | B2: =SUM(Hourly_Model!S:S) -> 8043804.9
A3: Total Reg Revenue ($) | B3: =SUM(Hourly_Model!T:T) -> 289412.98
A4: Total Revenue ($) | B4: =B2+B3 -> 8333217.9
A5: Total Discharge (MWh) | B5: =SUM(Hourly_Model!Q:Q) -> 107344.28
A6: Cycles / Year | B6: =B5/Inputs!$B$14 -> 315.71848
