Workbook

Sheet Inputs
A1: Parameter | B1: Value | C1: Description
A2: Power_MW | B2: 170 | C2: Battery Power Capacity (MW)
A3: Duration_Hr | B3: 2 | C3: Battery Duration (Hours)
A4: Max_Cycles_Per_Day | B4: 1 | C4: Max Throughput per day (1.0 = 1 full discharge capability per day)
A5: RTE | B5: 0.88 | C5: Round Trip Efficiency
A6: Initial_SoC_Pct | B6: 0 | C6: Initial State of Charge (%)
A7: Calculations
A8: Max_Energy_MWh | B8: =B2*B3 -> 340
A9: Eff_c | B9: =SQRT(B5) -> 0.93808315
A10: Eff_d | B10: =SQRT(B5) -> 0.93808315
A13: Note on Regulation SoC: | B13: In standard financial models, Frequency Regulation (Reg Up / Reg Down) is a Capacity Reservation product. You are paid for reserving the MW space, but the net energy injected/withdrawn is assumed to average 0 MWh over the hour. Thus, SoC does not change when Mode = Reg.

Sheet Hourly_Model
A1: Timestamp | B1: LMP ($) | C1: Reg_Price ($) | D1: Daily_Avg_LMP | E1: Discharge_Val | F1: Charge_Val | G1: Reg_Val | H1: Suggested_Mode | I1: Starting_SoC | J1: Cum_Discharge_Today | K1: Max_Charge | L1: Max_Discharge | M1: Charge_MW | N1: Discharge_MW | O1: Reg_MW | P1: Energy_Rev | Q1: Reg_Rev | R1: Ending_SoC
A2: 46023 | B2: 29.285 | C2: 0.03 | D2: =AVERAGEIFS(B:B, A:A, ">="&INT(A2), A:A, "<"&INT(A2)+1) -> 33.435729 | E2: =MAX(B2 - D2/Inputs!$B$5, 0) -> 0 | F2: =MAX(D2*Inputs!$B$5 - B2, 0) -> 0.13844167 | G2: =C2 -> 0.03 | H2: =IF(MAX(E2, F2, G2)<=0, "Idle", IF(AND(G2>=E2, G2>=F2), "Reg", IF(E2>=F2, "Discharge", "Charge"))) -> Charge | I2: =Inputs!$B$8 * Inputs!$B$6 -> 0 | J2: =0 -> 0 | K2: =MIN(Inputs!$B$2, (Inputs!$B$8 - I2)/Inputs!$B$9) -> 170 | L2: =MAX(MIN(Inputs!$B$2, I2*Inputs!$B$10, Inputs!$B$8*Inputs!$B$4 - J2), 0) -> 0 | M2: =IF(H2="Charge", K2, 0) -> 170 | N2: =IF(H2="Discharge", L2, 0) -> 0 | O2: =IF(H2="Reg", MIN(Inputs!$B$2, I2*Inputs!$B$10, (Inputs!$B$8-I2)/Inputs!$B$9), 0) -> 0 | P2: =(N2 - M2) * B2 -> -4978.45 | Q2: =O2 * C2 -> 0 | R2: =I2 + M2*Inputs!$B$9 - N2/Inputs!$B$10 -> 159.47414
A3: 46023.042 | B3: 26.925 | C3: 0.03 | D3: =AVERAGEIFS(B:B, A:A, ">="&INT(A3), A:A, "<"&INT(A3)+1) -> 33.435729 | E3: =MAX(B3 - D3/Inputs!$B$5, 0) -> 0 | F3: =MAX(D3*Inputs!$B$5 - B3, 0) -> 2.4984417 | G3: =C3 -> 0.03 | H3: =IF(MAX(E3, F3, G3)<=0, "Idle", IF(AND(G3>=E3, G3>=F3), "Reg", IF(E3>=F3, "Discharge", "Charge"))) -> Charge | I3: =R2 -> 159.47414 | J3: =IF(INT(A3)=INT(A2), J2 + N2, 0) -> 0 | K3: =MIN(Inputs!$B$2, (Inputs!$B$8 - I3)/Inputs!$B$9) -> 170 | L3: =MAX(MIN(Inputs!$B$2, I3*Inputs!$B$10, Inputs!$B$8*Inputs!$B$4 - J3), 0) -> 149.6 | M3: =IF(H3="Charge", K3, 0) -> 170 | N3: =IF(H3="Discharge", L3, 0) -> 0 | O3: =IF(H3="Reg", MIN(Inputs!$B$2, I3*Inputs!$B$10, (Inputs!$B$8-I3)/Inputs!$B$9), 0) -> 0 | P3: =(N3 - M3) * B3 -> -4577.25 | Q3: =O3 * C3 -> 0 | R3: =I3 + M3*Inputs!$B$9 - N3/Inputs!$B$10 -> 318.94827
A4: 46023.083 | B4: 28.84 | C4: 0.03 | D4: =AVERAGEIFS(B:B, A:A, ">="&INT(A4), A:A, "<"&INT(A4)+1) -> 33.435729 | E4: =MAX(B4 - D4/Inputs!$B$5, 0) -> 0 | F4: =MAX(D4*Inputs!$B$5 - B4, 0) -> 0.58344167 | G4: =C4 -> 0.03 | H4: =IF(MAX(E4, F4, G4)<=0, "Idle", IF(AND(G4>=E4, G4>=F4), "Reg", IF(E4>=F4, "Discharge", "Charge"))) -> Charge | I4: =R3 -> 318.94827 | J4: =IF(INT(A4)=INT(A3), J3 + N3, 0) -> 0 | K4: =MIN(Inputs!$B$2, (Inputs!$B$8 - I4)/Inputs!$B$9) -> 22.441218 | L4: =MAX(MIN(Inputs!$B$2, I4*Inputs!$B$10, Inputs!$B$8*Inputs!$B$4 - J4), 0) -> 170 | M4: =IF(H4="Charge", K4, 0) -> 22.441218 | N4: =IF(H4="Discharge", L4, 0) -> 0 | O4: =IF(H4="Reg", MIN(Inputs!$B$2, I4*Inputs!$B$10, (Inputs!$B$8-I4)/Inputs!$B$9), 0) -> 0 | P4: =(N4 - M4) * B4 -> -647.20472 | Q4: =O4 * C4 -> 0 | R4: =I4 + M4*Inputs!$B$9 - N4/Inputs!$B$10 -> 340
A5: 46023.125 | B5: 33.6625 | C5: 0.03 | D5: =AVERAGEIFS(B:B, A:A, ">="&INT(A5), A:A, "<"&INT(A5)+1) -> 33.435729 | E5: =MAX(B5 - D5/Inputs!$B$5, 0) -> 0 | F5: =MAX(D5*Inputs!$B$5 - B5, 0) -> 0 | G5: =C5 -> 0.03 | H5: =IF(MAX(E5, F5, G5)<=0, "Idle", IF(AND(G5>=E5, G5>=F5), "Reg", IF(E5>=F5, "Discharge", "Charge"))) -> Reg | I5: =R4 -> 340 | J5: =IF(INT(A5)=INT(A4), J4 + N4, 0) -> 0 | K5: =MIN(Inputs!$B$2, (Inputs!$B$8 - I5)/Inputs!$B$9) -> 0 | L5: =MAX(MIN(Inputs!$B$2, I5*Inputs!$B$10, Inputs!$B$8*Inputs!$B$4 - J5), 0) -> 170 | M5: =IF(H5="Charge", K5, 0) -> 0 | N5: =IF(H5="Discharge", L5, 0) -> 0 | O5: =IF(H5="Reg", MIN(Inputs!$B$2, I5*Inputs!$B$10, (Inputs!$B$8-I5)/Inputs!$B$9), 0) -> 0 | P5: =(N5 - M5) * B5 -> 0 | Q5: =O5 * C5 -> 0 | R5: =I5 + M5*Inputs!$B$9 - N5/Inputs!$B$10 -> 340
A6: 46023.167 | B6: 36.355 | C6: 0.03 | D6: =AVERAGEIFS(B:B, A:A, ">="&INT(A6), A:A, "<"&INT(A6)+1) -> 33.435729 | E6: =MAX(B6 - D6/Inputs!$B$5, 0) -> 0 | F6: =MAX(D6*Inputs!$B$5 - B6, 0) -> 0 | G6: =C6 -> 0.03 | H6: =IF(MAX(E6, F6, G6)<=0, "Idle", IF(AND(G6>=E6, G6>=F6), "Reg", IF(E6>=F6, "Discharge", "Charge"))) -> Reg | I6: =R5 -> 340 | J6: =IF(INT(A6)=INT(A5), J5 + N5, 0) -> 0 | K6: =MIN(Inputs!$B$2, (Inputs!$B$8 - I6)/Inputs!$B$9) -> 0 | L6: =MAX(MIN(Inputs!$B$2, I6*Inputs!$B$10, Inputs!$B$8*Inputs!$B$4 - J6), 0) -> 170 | M6: =IF(H6="Charge", K6, 0) -> 0 | N6: =IF(H6="Discharge", L6, 0) -> 0 | O6: =IF(H6="Reg", MIN(Inputs!$B$2, I6*Inputs!$B$10, (Inputs!$B$8-I6)/Inputs!$B$9), 0) -> 0 | P6: =(N6 - M6) * B6 -> 0 | Q6: =O6 * C6 -> 0 | R6: =I6 + M6*Inputs!$B$9 - N6/Inputs!$B$10 -> 340
A7: 46023.208 | B7: 42.9875 | C7: 0.05 | D7: =AVERAGEIFS(B:B, A:A, ">="&INT(A7), A:A, "<"&INT(A7)+1) -> 33.435729 | E7: =MAX(B7 - D7/Inputs!$B$5, 0) -> 4.9923532 | F7: =MAX(D7*Inputs!$B$5 - B7, 0) -> 0 | G7: =C7 -> 0.05 | H7: =IF(MAX(E7, F7, G7)<=0, "Idle", IF(AND(G7>=E7, G7>=F7), "Reg", IF(E7>=F7, "Discharge", "Charge"))) -> Discharge | I7: =R6 -> 340 | J7: =IF(INT(A7)=INT(A6), J6 + N6, 0) -> 0 | K7: =MIN(Inputs!$B$2, (Inputs!$B$8 - I7)/Inputs!$B$9) -> 0 | L7: =MAX(MIN(Inputs!$B$2, I7*Inputs!$B$10, Inputs!$B$8*Inputs!$B$4 - J7), 0) -> 170 | M7: =IF(H7="Charge", K7, 0) -> 0 | N7: =IF(H7="Discharge", L7, 0) -> 170 | O7: =IF(H7="Reg", MIN(Inputs!$B$2, I7*Inputs!$B$10, (Inputs!$B$8-I7)/Inputs!$B$9), 0) -> 0 | P7: =(N7 - M7) * B7 -> 7307.875 | Q7: =O7 * C7 -> 0 | R7: =I7 + M7*Inputs!$B$9 - N7/Inputs!$B$10 -> 158.77939
A8: 46023.25 | B8: 35.9075 | C8: 0.11 | D8: =AVERAGEIFS(B:B, A:A, ">="&INT(A8), A:A, "<"&INT(A8)+1) -> 33.435729 | E8: =MAX(B8 - D8/Inputs!$B$5, 0) -> 0 | F8: =MAX(D8*Inputs!$B$5 - B8, 0) -> 0 | G8: =C8 -> 0.11 | H8: =IF(MAX(E8, F8, G8)<=0, "Idle", IF(AND(G8>=E8, G8>=F8), "Reg", IF(E8>=F8, "Discharge", "Charge"))) -> Reg | I8: =R7 -> 158.77939 | J8: =IF(INT(A8)=INT(A7), J7 + N7, 0) -> 170 | K8: =MIN(Inputs!$B$2, (Inputs!$B$8 - I8)/Inputs!$B$9) -> 170 | L8: =MAX(MIN(Inputs!$B$2, I8*Inputs!$B$10, Inputs!$B$8*Inputs!$B$4 - J8), 0) -> 148.94827 | M8: =IF(H8="Charge", K8, 0) -> 0 | N8: =IF(H8="Discharge", L8, 0) -> 0 | O8: =IF(H8="Reg", MIN(Inputs!$B$2, I8*Inputs!$B$10, (Inputs!$B$8-I8)/Inputs!$B$9), 0) -> 148.94827 | P8: =(N8 - M8) * B8 -> 0 | Q8: =O8 * C8 -> 16.38431 | R8: =I8 + M8*Inputs!$B$9 - N8/Inputs!$B$10 -> 158.77939
A9: 46023.292 | B9: 37.5725 | C9: 0.12 | D9: =AVERAGEIFS(B:B, A:A, ">="&INT(A9), A:A, "<"&INT(A9)+1) -> 33.435729 | E9: =MAX(B9 - D9/Inputs!$B$5, 0) -> 0 | F9: =MAX(D9*Inputs!$B$5 - B9, 0) -> 0 | G9: =C9 -> 0.12 | H9: =IF(MAX(E9, F9, G9)<=0, "Idle", IF(AND(G9>=E9, G9>=F9), "Reg", IF(E9>=F9, "Discharge", "Charge"))) -> Reg | I9: =R8 -> 158.77939 | J9: =IF(INT(A9)=INT(A8), J8 + N8, 0) -> 170 | K9: =MIN(Inputs!$B$2, (Inputs!$B$8 - I9)/Inputs!$B$9) -> 170 | L9: =MAX(MIN(Inputs!$B$2, I9*Inputs!$B$10, Inputs!$B$8*Inputs!$B$4 - J9), 0) -> 148.94827 | M9: =IF(H9="Charge", K9, 0) -> 0 | N9: =IF(H9="Discharge", L9, 0) -> 0 | O9: =IF(H9="Reg", MIN(Inputs!$B$2, I9*Inputs!$B$10, (Inputs!$B$8-I9)/Inputs!$B$9), 0) -> 148.94827 | P9: =(N9 - M9) * B9 -> 0 | Q9: =O9 * C9 -> 17.873793 | R9: =I9 + M9*Inputs!$B$9 - N9/Inputs!$B$10 -> 158.77939
A10: 46023.333 | B10: 28.4275 | C10: 1.03 | D10: =AVERAGEIFS(B:B, A:A, ">="&INT(A10), A:A, "<"&INT(A10)+1) -> 33.435729 | E10: =MAX(B10 - D10/Inputs!$B$5, 0) -> 0 | F10: =MAX(D10*Inputs!$B$5 - B10, 0) -> 0.99594167 | G10: =C10 -> 1.03 | H10: =IF(MAX(E10, F10, G10)<=0, "Idle", IF(AND(G10>=E10, G10>=F10), "Reg", IF(E10>=F10, "Discharge", "Charge"))) -> Reg | I10: =R9 -> 158.77939 | J10: =IF(INT(A10)=INT(A9), J9 + N9, 0) -> 170 | K10: =MIN(Inputs!$B$2, (Inputs!$B$8 - I10)/Inputs!$B$9) -> 170 | L10: =MAX(MIN(Inputs!$B$2, I10*Inputs!$B$10, Inputs!$B$8*Inputs!$B$4 - J10), 0) -> 148.94827 | M10: =IF(H10="Charge", K10, 0) -> 0 | N10: =IF(H10="Discharge", L10, 0) -> 0 | O10: =IF(H10="Reg", MIN(Inputs!$B$2, I10*Inputs!$B$10, (Inputs!$B$8-I10)/Inputs!$B$9), 0) -> 148.94827 | P10: =(N10 - M10) * B10 -> 0 | Q10: =O10 * C10 -> 153.41672 | R10: =I10 + M10*Inputs!$B$9 - N10/Inputs!$B$10 -> 158.77939
A11: 46023.375 | B11: 29.9725 | C11: 1.07 | D11: =AVERAGEIFS(B:B, A:A, ">="&INT(A11), A:A, "<"&INT(A11)+1) -> 33.435729 | E11: =MAX(B11 - D11/Inputs!$B$5, 0) -> 0 | F11: =MAX(D11*Inputs!$B$5 - B11, 0) -> 0 | G11: =C11 -> 1.07 | H11: =IF(MAX(E11, F11, G11)<=0, "Idle", IF(AND(G11>=E11, G11>=F11), "Reg", IF(E11>=F11, "Discharge", "Charge"))) -> Reg | I11: =R10 -> 158.77939 | J11: =IF(INT(A11)=INT(A10), J10 + N10, 0) -> 170 | K11: =MIN(Inputs!$B$2, (Inputs!$B$8 - I11)/Inputs!$B$9) -> 170 | L11: =MAX(MIN(Inputs!$B$2, I11*Inputs!$B$10, Inputs!$B$8*Inputs!$B$4 - J11), 0) -> 148.94827 | M11: =IF(H11="Charge", K11, 0) -> 0 | N11: =IF(H11="Discharge", L11, 0) -> 0 | O11: =IF(H11="Reg", MIN(Inputs!$B$2, I11*Inputs!$B$10, (Inputs!$B$8-I11)/Inputs!$B$9), 0) -> 148.94827 | P11: =(N11 - M11) * B11 -> 0 | Q11: =O11 * C11 -> 159.37465 | R11: =I11 + M11*Inputs!$B$9 - N11/Inputs!$B$10 -> 158.77939
A12: 46023.417 | B12: 52.505 | C12: 0.73 | D12: =AVERAGEIFS(B:B, A:A, ">="&INT(A12), A:A, "<"&INT(A12)+1) -> 33.435729 | E12: =MAX(B12 - D12/Inputs!$B$5, 0) -> 14.509853 | F12: =MAX(D12*Inputs!$B$5 - B12, 0) -> 0 | G12: =C12 -> 0.73 | H12: =IF(MAX(E12, F12, G12)<=0, "Idle", IF(AND(G12>=E12, G12>=F12), "Reg", IF(E12>=F12, "Discharge", "Charge"))) -> Discharge | I12: =R11 -> 158.77939 | J12: =IF(INT(A12)=INT(A11), J11 + N11, 0) -> 170 | K12: =MIN(Inputs!$B$2, (Inputs!$B$8 - I12)/Inputs!$B$9) -> 170 | L12: =MAX(MIN(Inputs!$B$2, I12*Inputs!$B$10, Inputs!$B$8*Inputs!$B$4 - J12), 0) -> 148.94827 | M12: =IF(H12="Charge", K12, 0) -> 0 | N12: =IF(H12="Discharge", L12, 0) -> 148.94827 | O12: =IF(H12="Reg", MIN(Inputs!$B$2, I12*Inputs!$B$10, (Inputs!$B$8-I12)/Inputs!$B$9), 0) -> 0 | P12: =(N12 - M12) * B12 -> 7820.529 | Q12: =O12 * C12 -> 0 | R12: =I12 + M12*Inputs!$B$9 - N12/Inputs!$B$10 -> 0
A13: 46023.458 | B13: 44.925 | C13: 0.24 | D13: =AVERAGEIFS(B:B, A:A, ">="&INT(A13), A:A, "<"&INT(A13)+1) -> 33.435729 | E13: =MAX(B13 - D13/Inputs!$B$5, 0) -> 6.9298532 | F13: =MAX(D13*Inputs!$B$5 - B13, 0) -> 0 | G13: =C13 -> 0.24 | H13: =IF(MAX(E13, F13, G13)<=0, "Idle", IF(AND(G13>=E13, G13>=F13), "Reg", IF(E13>=F13, "Discharge", "Charge"))) -> Discharge | I13: =R12 -> 0 | J13: =IF(INT(A13)=INT(A12), J12 + N12, 0) -> 318.94827 | K13: =MIN(Inputs!$B$2, (Inputs!$B$8 - I13)/Inputs!$B$9) -> 170 | L13: =MAX(MIN(Inputs!$B$2, I13*Inputs!$B$10, Inputs!$B$8*Inputs!$B$4 - J13), 0) -> 0 | M13: =IF(H13="Charge", K13, 0) -> 0 | N13: =IF(H13="Discharge", L13, 0) -> 0 | O13: =IF(H13="Reg", MIN(Inputs!$B$2, I13*Inputs!$B$10, (Inputs!$B$8-I13)/Inputs!$B$9), 0) -> 0 | P13: =(N13 - M13) * B13 -> 0 | Q13: =O13 * C13 -> 0 | R13: =I13 + M13*Inputs!$B$9 - N13/Inputs!$B$10 -> 0
A14: 46023.5 | B14: 34.535 | C14: 0.06 | D14: =AVERAGEIFS(B:B, A:A, ">="&INT(A14), A:A, "<"&INT(A14)+1) -> 33.435729 | E14: =MAX(B14 - D14/Inputs!$B$5, 0) -> 0 | F14: =MAX(D14*Inputs!$B$5 - B14, 0) -> 0 | G14: =C14 -> 0.06 | H14: =IF(MAX(E14, F14, G14)<=0, "Idle", IF(AND(G14>=E14, G14>=F14), "Reg", IF(E14>=F14, "Discharge", "Charge"))) -> Reg | I14: =R13 -> 0 | J14: =IF(INT(A14)=INT(A13), J13 + N13, 0) -> 318.94827 | K14: =MIN(Inputs!$B$2, (Inputs!$B$8 - I14)/Inputs!$B$9) -> 170 | L14: =MAX(MIN(Inputs!$B$2, I14*Inputs!$B$10, Inputs!$B$8*Inputs!$B$4 - J14), 0) -> 0 | M14: =IF(H14="Charge", K14, 0) -> 0 | N14: =IF(H14="Discharge", L14, 0) -> 0 | O14: =IF(H14="Reg", MIN(Inputs!$B$2, I14*Inputs!$B$10, (Inputs!$B$8-I14)/Inputs!$B$9), 0) -> 0 | P14: =(N14 - M14) * B14 -> 0 | Q14: =O14 * C14 -> 0 | R14: =I14 + M14*Inputs!$B$9 - N14/Inputs!$B$10 -> 0 | S14: =COUNTIF($H$2:$H$8761,"Reg") -> 2709
A15: 46023.542 | B15: 22.6125 | C15: 0.09 | D15: =AVERAGEIFS(B:B, A:A, ">="&INT(A15), A:A, "<"&INT(A15)+1) -> 33.435729 | E15: =MAX(B15 - D15/Inputs!$B$5, 0) -> 0 | F15: =MAX(D15*Inputs!$B$5 - B15, 0) -> 6.8109417 | G15: =C15 -> 0.09 | H15: =IF(MAX(E15, F15, G15)<=0, "Idle", IF(AND(G15>=E15, G15>=F15), "Reg", IF(E15>=F15, "Discharge", "Charge"))) -> Charge | I15: =R14 -> 0 | J15: =IF(INT(A15)=INT(A14), J14 + N14, 0) -> 318.94827 | K15: =MIN(Inputs!$B$2, (Inputs!$B$8 - I15)/Inputs!$B$9) -> 170 | L15: =MAX(MIN(Inputs!$B$2, I15*Inputs!$B$10, Inputs!$B$8*Inputs!$B$4 - J15), 0) -> 0 | M15: =IF(H15="Charge", K15, 0) -> 170 | N15: =IF(H15="Discharge", L15, 0) -> 0 | O15: =IF(H15="Reg", MIN(Inputs!$B$2, I15*Inputs!$B$10, (Inputs!$B$8-I15)/Inputs!$B$9), 0) -> 0 | P15: =(N15 - M15) * B15 -> -3844.125 | Q15: =O15 * C15 -> 0 | R15: =I15 + M15*Inputs!$B$9 - N15/Inputs!$B$10 -> 159.47414
A16: 46023.583 | B16: 20.6 | C16: 0.5 | D16: =AVERAGEIFS(B:B, A:A, ">="&INT(A16), A:A, "<"&INT(A16)+1) -> 33.435729 | E16: =MAX(B16 - D16/Inputs!$B$5, 0) -> 0 | F16: =MAX(D16*Inputs!$B$5 - B16, 0) -> 8.8234417 | G16: =C16 -> 0.5 | H16: =IF(MAX(E16, F16, G16)<=0, "Idle", IF(AND(G16>=E16, G16>=F16), "Reg", IF(E16>=F16, "Discharge", "Charge"))) -> Charge | I16: =R15 -> 159.47414 | J16: =IF(INT(A16)=INT(A15), J15 + N15, 0) -> 318.94827 | K16: =MIN(Inputs!$B$2, (Inputs!$B$8 - I16)/Inputs!$B$9) -> 170 | L16: =MAX(MIN(Inputs!$B$2, I16*Inputs!$B$10, Inputs!$B$8*Inputs!$B$4 - J16), 0) -> 21.051728 | M16: =IF(H16="Charge", K16, 0) -> 170 | N16: =IF(H16="Discharge", L16, 0) -> 0 | O16: =IF(H16="Reg", MIN(Inputs!$B$2, I16*Inputs!$B$10, (Inputs!$B$8-I16)/Inputs!$B$9), 0) -> 0 | P16: =(N16 - M16) * B16 -> -3502 | Q16: =O16 * C16 -> 0 | R16: =I16 + M16*Inputs!$B$9 - N16/Inputs!$B$10 -> 318.94827
A17: 46023.625 | B17: 20.03 | C17: 0.32 | D17: =AVERAGEIFS(B:B, A:A, ">="&INT(A17), A:A, "<"&INT(A17)+1) -> 33.435729 | E17: =MAX(B17 - D17/Inputs!$B$5, 0) -> 0 | F17: =MAX(D17*Inputs!$B$5 - B17, 0) -> 9.3934417 | G17: =C17 -> 0.32 | H17: =IF(MAX(E17, F17, G17)<=0, "Idle", IF(AND(G17>=E17, G17>=F17), "Reg", IF(E17>=F17, "Discharge", "Charge"))) -> Charge | I17: =R16 -> 318.94827 | J17: =IF(INT(A17)=INT(A16), J16 + N16, 0) -> 318.94827 | K17: =MIN(Inputs!$B$2, (Inputs!$B$8 - I17)/Inputs!$B$9) -> 22.441218 | L17: =MAX(MIN(Inputs!$B$2, I17*Inputs!$B$10, Inputs!$B$8*Inputs!$B$4 - J17), 0) -> 21.051728 | M17: =IF(H17="Charge", K17, 0) -> 22.441218 | N17: =IF(H17="Discharge", L17, 0) -> 0 | O17: =IF(H17="Reg", MIN(Inputs!$B$2, I17*Inputs!$B$10, (Inputs!$B$8-I17)/Inputs!$B$9), 0) -> 0 | P17: =(N17 - M17) * B17 -> -449.49759 | Q17: =O17 * C17 -> 0 | R17: =I17 + M17*Inputs!$B$9 - N17/Inputs!$B$10 -> 340
A18: 46023.667 | B18: 30.8925 | C18: 0.94 | D18: =AVERAGEIFS(B:B, A:A, ">="&INT(A18), A:A, "<"&INT(A18)+1) -> 33.435729 | E18: =MAX(B18 - D18/Inputs!$B$5, 0) -> 0 | F18: =MAX(D18*Inputs!$B$5 - B18, 0) -> 0 | G18: =C18 -> 0.94 | H18: =IF(MAX(E18, F18, G18)<=0, "Idle", IF(AND(G18>=E18, G18>=F18), "Reg", IF(E18>=F18, "Discharge", "Charge"))) -> Reg | I18: =R17 -> 340 | J18: =IF(INT(A18)=INT(A17), J17 + N17, 0) -> 318.94827 | K18: =MIN(Inputs!$B$2, (Inputs!$B$8 - I18)/Inputs!$B$9) -> 0 | L18: =MAX(MIN(Inputs!$B$2, I18*Inputs!$B$10, Inputs!$B$8*Inputs!$B$4 - J18), 0) -> 21.051728 | M18: =IF(H18="Charge", K18, 0) -> 0 | N18: =IF(H18="Discharge", L18, 0) -> 0 | O18: =IF(H18="Reg", MIN(Inputs!$B$2, I18*Inputs!$B$10, (Inputs!$B$8-I18)/Inputs!$B$9), 0) -> 0 | P18: =(N18 - M18) * B18 -> 0 | Q18: =O18 * C18 -> 0 | R18: =I18 + M18*Inputs!$B$9 - N18/Inputs!$B$10 -> 340
A19: 46023.708 | B19: 47.66 | C19: 0.24 | D19: =AVERAGEIFS(B:B, A:A, ">="&INT(A19), A:A, "<"&INT(A19)+1) -> 33.435729 | E19: =MAX(B19 - D19/Inputs!$B$5, 0) -> 9.6648532 | F19: =MAX(D19*Inputs!$B$5 - B19, 0) -> 0 | G19: =C19 -> 0.24 | H19: =IF(MAX(E19, F19, G19)<=0, "Idle", IF(AND(G19>=E19, G19>=F19), "Reg", IF(E19>=F19, "Discharge", "Charge"))) -> Discharge | I19: =R18 -> 340 | J19: =IF(INT(A19)=INT(A18), J18 + N18, 0) -> 318.94827 | K19: =MIN(Inputs!$B$2, (Inputs!$B$8 - I19)/Inputs!$B$9) -> 0 | L19: =MAX(MIN(Inputs!$B$2, I19*Inputs!$B$10, Inputs!$B$8*Inputs!$B$4 - J19), 0) -> 21.051728 | M19: =IF(H19="Charge", K19, 0) -> 0 | N19: =IF(H19="Discharge", L19, 0) -> 21.051728 | O19: =IF(H19="Reg", MIN(Inputs!$B$2, I19*Inputs!$B$10, (Inputs!$B$8-I19)/Inputs!$B$9), 0) -> 0 | P19: =(N19 - M19) * B19 -> 1003.3254 | Q19: =O19 * C19 -> 0 | R19: =I19 + M19*Inputs!$B$9 - N19/Inputs!$B$10 -> 317.55878
A20: 46023.75 | B20: 48.7975 | C20: 0.11 | D20: =AVERAGEIFS(B:B, A:A, ">="&INT(A20), A:A, "<"&INT(A20)+1) -> 33.435729 | E20: =MAX(B20 - D20/Inputs!$B$5, 0) -> 10.802353 | F20: =MAX(D20*Inputs!$B$5 - B20, 0) -> 0 | G20: =C20 -> 0.11 | H20: =IF(MAX(E20, F20, G20)<=0, "Idle", IF(AND(G20>=E20, G20>=F20), "Reg", IF(E20>=F20, "Discharge", "Charge"))) -> Discharge | I20: =R19 -> 317.55878 | J20: =IF(INT(A20)=INT(A19), J19 + N19, 0) -> 340 | K20: =MIN(Inputs!$B$2, (Inputs!$B$8 - I20)/Inputs!$B$9) -> 23.922419 | L20: =MAX(MIN(Inputs!$B$2, I20*Inputs!$B$10, Inputs!$B$8*Inputs!$B$4 - J20), 0) -> 0 | M20: =IF(H20="Charge", K20, 0) -> 0 | N20: =IF(H20="Discharge", L20, 0) -> 0 | O20: =IF(H20="Reg", MIN(Inputs!$B$2, I20*Inputs!$B$10, (Inputs!$B$8-I20)/Inputs!$B$9), 0) -> 0 | P20: =(N20 - M20) * B20 -> 0 | Q20: =O20 * C20 -> 0 | R20: =I20 + M20*Inputs!$B$9 - N20/Inputs!$B$10 -> 317.55878
A21: 46023.792 | B21: 55.8525 | C21: 0.12 | D21: =AVERAGEIFS(B:B, A:A, ">="&INT(A21), A:A, "<"&INT(A21)+1) -> 33.435729 | E21: =MAX(B21 - D21/Inputs!$B$5, 0) -> 17.857353 | F21: =MAX(D21*Inputs!$B$5 - B21, 0) -> 0 | G21: =C21 -> 0.12 | H21: =IF(MAX(E21, F21, G21)<=0, "Idle", IF(AND(G21>=E21, G21>=F21), "Reg", IF(E21>=F21, "Discharge", "Charge"))) -> Discharge | I21: =R20 -> 317.55878 | J21: =IF(INT(A21)=INT(A20), J20 + N20, 0) -> 340 | K21: =MIN(Inputs!$B$2, (Inputs!$B$8 - I21)/Inputs!$B$9) -> 23.922419 | L21: =MAX(MIN(Inputs!$B$2, I21*Inputs!$B$10, Inputs!$B$8*Inputs!$B$4 - J21), 0) -> 0 | M21: =IF(H21="Charge", K21, 0) -> 0 | N21: =IF(H21="Discharge", L21, 0) -> 0 | O21: =IF(H21="Reg", MIN(Inputs!$B$2, I21*Inputs!$B$10, (Inputs!$B$8-I21)/Inputs!$B$9), 0) -> 0 | P21: =(N21 - M21) * B21 -> 0 | Q21: =O21 * C21 -> 0 | R21: =I21 + M21*Inputs!$B$9 - N21/Inputs!$B$10 -> 317.55878
A22: 46023.833 | B22: 31.0525 | C22: 0.13 | D22: =AVERAGEIFS(B:B, A:A, ">="&INT(A22), A:A, "<"&INT(A22)+1) -> 33.435729 | E22: =MAX(B22 - D22/Inputs!$B$5, 0) -> 0 | F22: =MAX(D22*Inputs!$B$5 - B22, 0) -> 0 | G22: =C22 -> 0.13 | H22: =IF(MAX(E22, F22, G22)<=0, "Idle", IF(AND(G22>=E22, G22>=F22), "Reg", IF(E22>=F22, "Discharge", "Charge"))) -> Reg | I22: =R21 -> 317.55878 | J22: =IF(INT(A22)=INT(A21), J21 + N21, 0) -> 340 | K22: =MIN(Inputs!$B$2, (Inputs!$B$8 - I22)/Inputs!$B$9) -> 23.922419 | L22: =MAX(MIN(Inputs!$B$2, I22*Inputs!$B$10, Inputs!$B$8*Inputs!$B$4 - J22), 0) -> 0 | M22: =IF(H22="Charge", K22, 0) -> 0 | N22: =IF(H22="Discharge", L22, 0) -> 0 | O22: =IF(H22="Reg", MIN(Inputs!$B$2, I22*Inputs!$B$10, (Inputs!$B$8-I22)/Inputs!$B$9), 0) -> 23.922419 | P22: =(N22 - M22) * B22 -> 0 | Q22: =O22 * C22 -> 3.1099144 | R22: =I22 + M22*Inputs!$B$9 - N22/Inputs!$B$10 -> 317.55878
A23: 46023.875 | B23: 24.195 | C23: 0.06 | D23: =AVERAGEIFS(B:B, A:A, ">="&INT(A23), A:A, "<"&INT(A23)+1) -> 33.435729 | E23: =MAX(B23 - D23/Inputs!$B$5, 0) -> 0 | F23: =MAX(D23*Inputs!$B$5 - B23, 0) -> 5.2284417 | G23: =C23 -> 0.06 | H23: =IF(MAX(E23, F23, G23)<=0, "Idle", IF(AND(G23>=E23, G23>=F23), "Reg", IF(E23>=F23, "Discharge", "Charge"))) -> Charge | I23: =R22 -> 317.55878 | J23: =IF(INT(A23)=INT(A22), J22 + N22, 0) -> 340 | K23: =MIN(Inputs!$B$2, (Inputs!$B$8 - I23)/Inputs!$B$9) -> 23.922419 | L23: =MAX(MIN(Inputs!$B$2, I23*Inputs!$B$10, Inputs!$B$8*Inputs!$B$4 - J23), 0) -> 0 | M23: =IF(H23="Charge", K23, 0) -> 23.922419 | N23: =IF(H23="Discharge", L23, 0) -> 0 | O23: =IF(H23="Reg", MIN(Inputs!$B$2, I23*Inputs!$B$10, (Inputs!$B$8-I23)/Inputs!$B$9), 0) -> 0 | P23: =(N23 - M23) * B23 -> -578.80292 | Q23: =O23 * C23 -> 0 | R23: =I23 + M23*Inputs!$B$9 - N23/Inputs!$B$10 -> 340
A24: 46023.917 | B24: 20.2725 | C24: 0.04 | D24: =AVERAGEIFS(B:B, A:A, ">="&INT(A24), A:A, "<"&INT(A24)+1) -> 33.435729 | E24: =MAX(B24 - D24/Inputs!$B$5, 0) -> 0 | F24: =MAX(D24*Inputs!$B$5 - B24, 0) -> 9.1509417 | G24: =C24 -> 0.04 | H24: =IF(MAX(E24, F24, G24)<=0, "Idle", IF(AND(G24>=E24, G24>=F24), "Reg", IF(E24>=F24, "Discharge", "Charge"))) -> Charge | I24: =R23 -> 340 | J24: =IF(INT(A24)=INT(A23), J23 + N23, 0) -> 340 | K24: =MIN(Inputs!$B$2, (Inputs!$B$8 - I24)/Inputs!$B$9) -> 0 | L24: =MAX(MIN(Inputs!$B$2, I24*Inputs!$B$10, Inputs!$B$8*Inputs!$B$4 - J24), 0) -> 0 | M24: =IF(H24="Charge", K24, 0) -> 0 | N24: =IF(H24="Discharge", L24, 0) -> 0 | O24: =IF(H24="Reg", MIN(Inputs!$B$2, I24*Inputs!$B$10, (Inputs!$B$8-I24)/Inputs!$B$9), 0) -> 0 | P24: =(N24 - M24) * B24 -> 0 | Q24: =O24 * C24 -> 0 | R24: =I24 + M24*Inputs!$B$9 - N24/Inputs!$B$10 -> 340
A25: 46023.958 | B25: 18.5925 | C25: 0.04 | D25: =AVERAGEIFS(B:B, A:A, ">="&INT(A25), A:A, "<"&INT(A25)+1) -> 33.435729 | E25: =MAX(B25 - D25/Inputs!$B$5, 0) -> 0 | F25: =MAX(D25*Inputs!$B$5 - B25, 0) -> 10.830942 | G25: =C25 -> 0.04 | H25: =IF(MAX(E25, F25, G25)<=0, "Idle", IF(AND(G25>=E25, G25>=F25), "Reg", IF(E25>=F25, "Discharge", "Charge"))) -> Charge | I25: =R24 -> 340 | J25: =IF(INT(A25)=INT(A24), J24 + N24, 0) -> 340 | K25: =MIN(Inputs!$B$2, (Inputs!$B$8 - I25)/Inputs!$B$9) -> 0 | L25: =MAX(MIN(Inputs!$B$2, I25*Inputs!$B$10, Inputs!$B$8*Inputs!$B$4 - J25), 0) -> 0 | M25: =IF(H25="Charge", K25, 0) -> 0 | N25: =IF(H25="Discharge", L25, 0) -> 0 | O25: =IF(H25="Reg", MIN(Inputs!$B$2, I25*Inputs!$B$10, (Inputs!$B$8-I25)/Inputs!$B$9), 0) -> 0 | P25: =(N25 - M25) * B25 -> 0 | Q25: =O25 * C25 -> 0 | R25: =I25 + M25*Inputs!$B$9 - N25/Inputs!$B$10 -> 340
A26: 46024 | B26: 47.345 | C26: 0.03 | D26: =AVERAGEIFS(B:B, A:A, ">="&INT(A26), A:A, "<"&INT(A26)+1) -> 31.398438 | E26: =MAX(B26 - D26/Inputs!$B$5, 0) -> 11.664957 | F26: =MAX(D26*Inputs!$B$5 - B26, 0) -> 0 | G26: =C26 -> 0.03 | H26: =IF(MAX(E26, F26, G26)<=0, "Idle", IF(AND(G26>=E26, G26>=F26), "Reg", IF(E26>=F26, "Discharge", "Charge"))) -> Discharge | I26: =R25 -> 340 | J26: =IF(INT(A26)=INT(A25), J25 + N25, 0) -> 0 | K26: =MIN(Inputs!$B$2, (Inputs!$B$8 - I26)/Inputs!$B$9) -> 0 | L26: =MAX(MIN(Inputs!$B$2, I26*Inputs!$B$10, Inputs!$B$8*Inputs!$B$4 - J26), 0) -> 170 | M26: =IF(H26="Charge", K26, 0) -> 0 | N26: =IF(H26="Discharge", L26, 0) -> 170 | O26: =IF(H26="Reg", MIN(Inputs!$B$2, I26*Inputs!$B$10, (Inputs!$B$8-I26)/Inputs!$B$9), 0) -> 0 | P26: =(N26 - M26) * B26 -> 8048.65 | Q26: =O26 * C26 -> 0 | R26: =I26 + M26*Inputs!$B$9 - N26/Inputs!$B$10 -> 158.77939
... A8761: 46387.958 | B8761: 20.183333 | C8761: 0.99 | D8761: =AVERAGEIFS(B:B, A:A, ">="&INT(A8761), A:A, "<"&INT(A8761)+1) -> 26.112222 | E8761: =MAX(B8761 - D8761/Inputs!$B$5, 0) -> 0 | F8761: =MAX(D8761*Inputs!$B$5 - B8761, 0) -> 2.7954222 | G8761: =C8761 -> 0.99 | H8761: =IF(MAX(E8761, F8761, G8761)<=0, "Idle", IF(AND(G8761>=E8761, G8761>=F8761), "Reg", IF(E8761>=F8761, "Discharge", "Charge"))) -> Charge | I8761: =R8760 -> 0 | J8761: =IF(INT(A8761)=INT(A8760), J8760 + N8760, 0) -> 318.94827 | K8761: =MIN(Inputs!$B$2, (Inputs!$B$8 - I8761)/Inputs!$B$9) -> 170 | L8761: =MAX(MIN(Inputs!$B$2, I8761*Inputs!$B$10, Inputs!$B$8*Inputs!$B$4 - J8761), 0) -> 0 | M8761: =IF(H8761="Charge", K8761, 0) -> 170 | N8761: =IF(H8761="Discharge", L8761, 0) -> 0 | O8761: =IF(H8761="Reg", MIN(Inputs!$B$2, I8761*Inputs!$B$10, (Inputs!$B$8-I8761)/Inputs!$B$9), 0) -> 0 | P8761: =(N8761 - M8761) * B8761 -> -3431.1667 | Q8761: =O8761 * C8761 -> 0 | R8761: =I8761 + M8761*Inputs!$B$9 - N8761/Inputs!$B$10 -> 159.47414

Sheet Summary
A1: Metric | B1: Total Value
A2: Total Energy Revenue ($) | B2: =SUM(Hourly_Model!P:P) -> 4906628.4
A3: Total Reg Revenue ($) | B3: =SUM(Hourly_Model!Q:Q) -> 189644.67
A4: Total Revenue ($) | B4: =B2+B3 -> 5096273
A5: Total Discharge (MWh) | B5: =SUM(Hourly_Model!N:N) -> 113483.69
A6: Cycles / Year | B6: =B5/Inputs!$B$8 -> 333.77555
